Mean,Deviation,Contrast,Complexity_Entropy,Sharpness_LaplacianVar,Edge_Strength_Sobel,Noise_Level_Sigma,patient_id,modality,shape,voxel_spacing_mm
0.3016749265029124,0.4092602282087585,1.0,4.075348678379639,0.0061824028172789,0.0204630945601645,0.0053312908933396,BraTS20_Training_327,T1,"(240, 240, 155)","(np.float32(1.0), np.float32(1.0), np.float32(1.0))"
0.1955417203213147,0.3338673449194991,1.0,2.9340864268422395,0.0165273307403129,0.0255199302448799,0.0171178282221906,BraTS20_Training_034,T1,"(240, 240, 155)","(np.float32(1.0), np.float32(1.0), np.float32(1.0))"
0.2270205194239442,0.3523052324947182,1.0,3.347585658071341,0.0136894696697197,0.0263739518882547,0.0126726169437741,BraTS20_Training_016,T1,"(240, 240, 155)","(np.float32(1.0), np.float32(1.0), np.float32(1.0))"
0.2333431185853013,0.3491686055649222,1.0,4.25983145762334,0.009829397296291,0.0301712114555685,0.0006134379068982,BraTS20_Training_346,T1,"(240, 240, 155)","(np.float32(1.0), np.float32(1.0), np.float32(1.0))"
0.2199461206896551,0.3431815663362014,1.0,3.356976220260566,0.0187837968467873,0.0301547348538864,0.020126610453577,BraTS20_Training_058,T1,"(240, 240, 155)","(np.float32(1.0), np.float32(1.0), np.float32(1.0))"
0.2336842641497131,0.3675109196601744,1.0,3.283191955713179,0.0100519214661993,0.0222279443526805,0.0076401771735168,BraTS20_Training_240,T1,"(240, 240, 155)","(np.float32(1.0), np.float32(1.0), np.float32(1.0))"
0.21093497918293,0.3422190192938877,1.0,3.197496265839469,0.0166957957486497,0.0320652284937191,0.0184892598322714,BraTS20_Training_077,T1,"(240, 240, 155)","(np.float32(1.0), np.float32(1.0), np.float32(1.0))"
0.2309200146591134,0.3489130700713032,1.0,3.691298106147156,0.0058234672890333,0.0285667690342565,0.0145603288232545,BraTS20_Training_120,T1,"(240, 240, 155)","(np.float32(1.0), np.float32(1.0), np.float32(1.0))"
0.2657188824152542,0.4071842017930842,1.0,3.462293300375938,0.0200230418502026,0.0230870197562227,0.0164039720304723,BraTS20_Training_306,T1,"(240, 240, 155)","(np.float32(1.0), np.float32(1.0), np.float32(1.0))"
0.2170542635658914,0.3448451943464717,1.0,3.3212335341873733,0.0093250052346238,0.0321417414025777,0.0155756967277271,BraTS20_Training_127,T1,"(240, 240, 155)","(np.float32(1.0), np.float32(1.0), np.float32(1.0))"
0.2303827582465278,0.3531059312825252,1.0,3.3501391318393385,0.0160432122124565,0.025130848570237,0.0077616101333166,BraTS20_Training_234,T1,"(240, 240, 155)","(np.float32(1.0), np.float32(1.0), np.float32(1.0))"
0.2318359841696535,0.3470155207265525,1.0,3.7218614158557215,0.0163202086100945,0.030583357865371,0.0171477327313932,BraTS20_Training_040,T1,"(240, 240, 155)","(np.float32(1.0), np.float32(1.0), np.float32(1.0))"
0.2103581327001071,0.3424427973625697,1.0,4.168376716975761,0.005684900211688,0.0302181037617817,0.0108299901807452,BraTS20_Training_154,T1,"(240, 240, 155)","(np.float32(1.0), np.float32(1.0), np.float32(1.0))"
0.1850755124056095,0.3266722349172651,1.0,2.9661480413765844,0.0153216594139148,0.0273320671951062,0.018541984517354,BraTS20_Training_056,T1,"(240, 240, 155)","(np.float32(1.0), np.float32(1.0), np.float32(1.0))"
0.193102027464126,0.3287519741927599,1.0,3.928577762688213,0.0047714501909371,0.0267845143640372,0.0104775111563349,BraTS20_Training_156,T1,"(240, 240, 155)","(np.float32(1.0), np.float32(1.0), np.float32(1.0))"
0.2674582677423586,0.3941166773549884,1.0,3.5879071966395304,0.024164382308031,0.0226850391861266,0.0103692481823003,BraTS20_Training_279,T1,"(240, 240, 155)","(np.float32(1.0), np.float32(1.0), np.float32(1.0))"
0.2200282557354926,0.3466511844511563,1.0,3.3717989170695937,0.0148136670636936,0.0279245413259833,0.0131572681421486,BraTS20_Training_001,T1,"(240, 240, 155)","(np.float32(1.0), np.float32(1.0), np.float32(1.0))"
0.2592357200950951,0.3967427079625338,1.0,3.321454020233249,0.0174269327667256,0.0210795615974818,0.0093315478086221,BraTS20_Training_232,T1,"(240, 240, 155)","(np.float32(1.0), np.float32(1.0), np.float32(1.0))"
0.2620503039178634,0.3977305259498637,1.0,3.4945533193787823,0.0059705578029901,0.0195859706710632,0.0059114927936126,BraTS20_Training_334,T1,"(240, 240, 155)","(np.float32(1.0), np.float32(1.0), np.float32(1.0))"
0.2197992294318817,0.3440985482480476,1.0,3.390546557110504,0.0059260897782544,0.0281253185622515,0.0139635468000039,BraTS20_Training_102,T1,"(240, 240, 155)","(np.float32(1.0), np.float32(1.0), np.float32(1.0))"
0.2031351521164021,0.3331813089607653,1.0,3.1998698138861807,0.0114969348702443,0.0248193453040726,0.0146241776233111,BraTS20_Training_010,T1,"(240, 240, 155)","(np.float32(1.0), np.float32(1.0), np.float32(1.0))"
0.1983742045651985,0.3403733997486741,1.0,3.633776805143472,0.0173993493424958,0.0332029114450902,0.0202482687345292,BraTS20_Training_181,T1,"(240, 240, 155)","(np.float32(1.0), np.float32(1.0), np.float32(1.0))"
0.2176588523842117,0.3480574527487197,1.0,3.3618494041510547,0.0128610382610431,0.03091151582819,0.0170183947839817,BraTS20_Training_073,T1,"(240, 240, 155)","(np.float32(1.0), np.float32(1.0), np.float32(1.0))"
0.2454069976420519,0.3773422605302478,1.0,3.1965069274930804,0.0125858100539102,0.01931604968126,0.0066802487736164,BraTS20_Training_238,T1,"(240, 240, 155)","(np.float32(1.0), np.float32(1.0), np.float32(1.0))"
0.2164451246658837,0.3478231588137866,1.0,3.6172953205983807,0.0119501929744366,0.0183926242701472,0.0107812511392574,BraTS20_Training_256,T1,"(240, 240, 155)","(np.float32(1.0), np.float32(1.0), np.float32(1.0))"
0.1896243127893518,0.3135550833550642,1.0,3.1854212339679653,0.0056597006715374,0.0160377103918727,0.0055845075893992,BraTS20_Training_138,T1,"(240, 240, 155)","(np.float32(1.0), np.float32(1.0), np.float32(1.0))"
0.2290937053833878,0.3688886588753896,1.0,3.5157623319017537,0.015349862479822,0.0186517605386898,0.0124400983883769,BraTS20_Training_226,T1,"(240, 240, 155)","(np.float32(1.0), np.float32(1.0), np.float32(1.0))"
0.2230062683351668,0.3613963339063438,1.0,3.964751765012294,0.0197159195237455,0.034678960801502,0.0264351572433808,BraTS20_Training_195,T1,"(240, 240, 155)","(np.float32(1.0), np.float32(1.0), np.float32(1.0))"
0.2412083778490028,0.3793725783154007,1.0,2.4709437258911384,0.014051901846373,0.0223793596732358,0.0103735239578567,BraTS20_Training_194,T1,"(240, 240, 155)","(np.float32(1.0), np.float32(1.0), np.float32(1.0))"
0.2460335475400774,0.390584028460613,1.0,2.950000160968973,0.0153331183874711,0.0220912439291443,0.0103329329186674,BraTS20_Training_366,T1,"(240, 240, 155)","(np.float32(1.0), np.float32(1.0), np.float32(1.0))"
0.2683748022810522,0.3915286434211922,1.0,3.82637971019199,0.0135797252336962,0.0216710052813837,0.000740560548704,BraTS20_Training_026,T1,"(240, 240, 155)","(np.float32(1.0), np.float32(1.0), np.float32(1.0))"
0.2001681442080378,0.3289152899916462,1.0,3.3376501076990057,0.0077816619825461,0.0276303197313569,0.0167892234473053,BraTS20_Training_109,T1,"(240, 240, 155)","(np.float32(1.0), np.float32(1.0), np.float32(1.0))"
0.230261839708561,0.3593326970871271,1.0,3.460501821766712,0.0119577284566611,0.0279686298599049,0.0169626505365442,BraTS20_Training_043,T1,"(240, 240, 155)","(np.float32(1.0), np.float32(1.0), np.float32(1.0))"
0.1859557255854483,0.3560407150377018,1.0,3.727155903483011,0.0113664005484034,0.0183230927811886,0.0160505980420199,BraTS20_Training_357,T1,"(240, 240, 155)","(np.float32(1.0), np.float32(1.0), np.float32(1.0))"
0.2189308969491074,0.3688747778832896,1.0,2.9163991376406115,0.0132242141937928,0.0226558097661449,0.0095253693588381,BraTS20_Training_289,T1,"(240, 240, 155)","(np.float32(1.0), np.float32(1.0), np.float32(1.0))"
0.2356100797579758,0.3562474165646615,1.0,3.615005435048037,0.0126146277870361,0.0334710238988649,0.0169855606461102,BraTS20_Training_115,T1,"(240, 240, 155)","(np.float32(1.0), np.float32(1.0), np.float32(1.0))"
0.2055635898725687,0.3396039343614051,1.0,3.1971052135274864,0.0119800727852471,0.0275569912255554,0.0165631518125871,BraTS20_Training_064,T1,"(240, 240, 155)","(np.float32(1.0), np.float32(1.0), np.float32(1.0))"
0.2123941407458991,0.3562268681514714,1.0,2.9577787116430674,0.0112344497486484,0.0278069742087571,0.0163531247867262,BraTS20_Training_023,T1,"(240, 240, 155)","(np.float32(1.0), np.float32(1.0), np.float32(1.0))"
0.2152819952175052,0.3474610144190809,1.0,3.5702479507502582,0.0058803917019574,0.0240553187331809,0.0084703989406004,BraTS20_Training_153,T1,"(240, 240, 155)","(np.float32(1.0), np.float32(1.0), np.float32(1.0))"
0.2530346498842593,0.386040798226251,1.0,3.0211563230318714,0.0180512852044753,0.0257356599545436,0.0109343875266202,BraTS20_Training_177,T1,"(240, 240, 155)","(np.float32(1.0), np.float32(1.0), np.float32(1.0))"
0.2506847426470588,0.3899744087786447,1.0,3.262042645176537,0.0187474338717755,0.0240342546453582,0.0110718226336011,BraTS20_Training_250,T1,"(240, 240, 155)","(np.float32(1.0), np.float32(1.0), np.float32(1.0))"
0.2493440832766054,0.3886286689797335,1.0,3.756174352982643,0.016842324189362,0.0252701599345854,0.0154720764657772,BraTS20_Training_298,T1,"(240, 240, 155)","(np.float32(1.0), np.float32(1.0), np.float32(1.0))"
0.210893338086185,0.3318040199542417,1.0,3.538754830225425,0.0109710538379428,0.0281311344355884,0.015459466953248,BraTS20_Training_031,T1,"(240, 240, 155)","(np.float32(1.0), np.float32(1.0), np.float32(1.0))"
0.2267348892980542,0.3467928704677099,1.0,3.9718406545682767,0.0123339672642459,0.0235551139180222,0.0011929405395327,BraTS20_Training_220,T1,"(240, 240, 155)","(np.float32(1.0), np.float32(1.0), np.float32(1.0))"
0.206564985980699,0.3442669287154603,1.0,3.0859305354641484,0.0065324172036216,0.0263897141943797,0.0152800539073292,BraTS20_Training_110,T1,"(240, 240, 155)","(np.float32(1.0), np.float32(1.0), np.float32(1.0))"
0.2098902668784255,0.3403860490636393,1.0,3.3885916320593954,0.0089552305789043,0.0316919259090462,0.0177443526145916,BraTS20_Training_125,T1,"(240, 240, 155)","(np.float32(1.0), np.float32(1.0), np.float32(1.0))"
0.2280935520224171,0.3517429100485815,1.0,3.4330709472743366,0.0079202060837095,0.0259961603370265,0.0156731578092047,BraTS20_Training_091,T1,"(240, 240, 155)","(np.float32(1.0), np.float32(1.0), np.float32(1.0))"
0.198397509578544,0.3439558356950776,1.0,2.831528345790418,0.0124290925338735,0.0243103279588353,0.0153922932087602,BraTS20_Training_057,T1,"(240, 240, 155)","(np.float32(1.0), np.float32(1.0), np.float32(1.0))"
0.2199928961521401,0.3491885602359641,1.0,3.3250332910424523,0.0143618531953613,0.0279171255553629,0.0172105701394636,BraTS20_Training_006,T1,"(240, 240, 155)","(np.float32(1.0), np.float32(1.0), np.float32(1.0))"
0.2363186915391156,0.3683088486004366,1.0,3.2498954143969967,0.0089756237183436,0.0288600462715576,0.010118156788691,BraTS20_Training_046,T1,"(240, 240, 155)","(np.float32(1.0), np.float32(1.0), np.float32(1.0))"
0.275905601651413,0.407619820635958,1.0,4.483912368402345,0.0095283679971133,0.0215446315490536,0.0022577279594519,BraTS20_Training_343,T1,"(240, 240, 155)","(np.float32(1.0), np.float32(1.0), np.float32(1.0))"
0.1977800993217054,0.3320487827789577,1.0,2.9453346148716952,0.0045519150272669,0.0173139617266639,0.0016690460261815,BraTS20_Training_146,T1,"(240, 240, 155)","(np.float32(1.0), np.float32(1.0), np.float32(1.0))"
0.2284822260331978,0.3664644878496871,1.0,3.0180181270235407,0.0103304142964257,0.0225664813310682,0.0102959671907892,BraTS20_Training_287,T1,"(240, 240, 155)","(np.float32(1.0), np.float32(1.0), np.float32(1.0))"
0.2126572194021433,0.3406299851606703,1.0,2.7364105882868217,0.0161243123373444,0.0176673931507556,0.0023518436207257,BraTS20_Training_219,T1,"(240, 240, 155)","(np.float32(1.0), np.float32(1.0), np.float32(1.0))"
0.2335963319088319,0.374543079135256,1.0,2.750216580524843,0.0112437376725838,0.0208587408605566,0.0158382436735024,BraTS20_Training_251,T1,"(240, 240, 155)","(np.float32(1.0), np.float32(1.0), np.float32(1.0))"
0.2435658031443581,0.379542439456586,1.0,3.6016322662736964,0.0110655268211207,0.0193896839675965,0.0006317181575438,BraTS20_Training_342,T1,"(240, 240, 155)","(np.float32(1.0), np.float32(1.0), np.float32(1.0))"
0.2147304225768321,0.3550317299821046,1.0,3.131189543188766,0.005780837545898,0.0255763363044487,0.0112264308584247,BraTS20_Training_094,T1,"(240, 240, 155)","(np.float32(1.0), np.float32(1.0), np.float32(1.0))"
0.2329963845933562,0.3540515588820738,1.0,3.4585619250446693,0.0136815089866676,0.0259802016540975,0.0106754322512007,BraTS20_Training_004,T1,"(240, 240, 155)","(np.float32(1.0), np.float32(1.0), np.float32(1.0))"
0.2326520648150745,0.3690191444086061,1.0,4.926453039352472,0.0108540049853897,0.0237038177448252,0.0012534478302234,BraTS20_Training_368,T1,"(240, 240, 155)","(np.float32(1.0), np.float32(1.0), np.float32(1.0))"
0.2057812152777777,0.3383498339283713,1.0,3.343934089653003,0.0169719433333333,0.0320366718262263,0.0210517676531111,BraTS20_Training_078,T1,"(240, 240, 155)","(np.float32(1.0), np.float32(1.0), np.float32(1.0))"
0.220143190483264,0.37395541559503,1.0,2.9465722228158904,0.0062593638933814,0.0187637885312066,0.0075980060217532,BraTS20_Training_133,T1,"(240, 240, 155)","(np.float32(1.0), np.float32(1.0), np.float32(1.0))"
0.2382798611111111,0.3626768033697469,1.0,3.643229812013633,0.0125207952473958,0.0230836223617543,0.0066950227667954,BraTS20_Training_310,T1,"(240, 240, 155)","(np.float32(1.0), np.float32(1.0), np.float32(1.0))"
0.2152703943167305,0.3481285998569665,1.0,3.212146293742669,0.0129699367669294,0.0305627790579734,0.0181482765215582,BraTS20_Training_079,T1,"(240, 240, 155)","(np.float32(1.0), np.float32(1.0), np.float32(1.0))"
0.2191459392398935,0.3355822854316549,1.0,3.4804512786471458,0.0116846912182662,0.029012126282594,0.0164303879698459,BraTS20_Training_047,T1,"(240, 240, 155)","(np.float32(1.0), np.float32(1.0), np.float32(1.0))"
0.2570766001267427,0.3878480413858672,1.0,3.0601593631282182,0.0131185152790026,0.0227038035450926,0.0027933392818369,BraTS20_Training_221,T1,"(240, 240, 155)","(np.float32(1.0), np.float32(1.0), np.float32(1.0))"
0.2256877613500597,0.3501059684957195,1.0,3.393646256064748,0.0171982615202785,0.030878967239467,0.0182994018876217,BraTS20_Training_074,T1,"(240, 240, 155)","(np.float32(1.0), np.float32(1.0), np.float32(1.0))"
0.2061267905191516,0.3477967213195426,1.0,3.0614924321925563,0.0085682844723482,0.0288450602026857,0.0073401079239826,BraTS20_Training_230,T1,"(240, 240, 155)","(np.float32(1.0), np.float32(1.0), np.float32(1.0))"
0.242416649283827,0.3937867463820234,1.0,3.088896578581364,0.006936565601662,0.0172437500025929,0.0048503597695024,BraTS20_Training_326,T1,"(240, 240, 155)","(np.float32(1.0), np.float32(1.0), np.float32(1.0))"
0.2669764909398646,0.4095654816614634,1.0,3.150695892034764,0.0115196012767835,0.0212806699587943,0.0084095522954087,BraTS20_Training_209,T1,"(240, 240, 155)","(np.float32(1.0), np.float32(1.0), np.float32(1.0))"
0.2244689779064779,0.3471140602869398,1.0,3.3813862655460274,0.0132021868203697,0.0268039241552103,0.0162024334056593,BraTS20_Training_083,T1,"(240, 240, 155)","(np.float32(1.0), np.float32(1.0), np.float32(1.0))"
0.2366351182725694,0.3534901992290868,1.0,3.707725435391167,0.0097670554267035,0.0306465837477056,0.0175273862147111,BraTS20_Training_095,T1,"(240, 240, 155)","(np.float32(1.0), np.float32(1.0), np.float32(1.0))"
0.2308006443943944,0.3751917115707554,1.0,2.9387296087268746,0.011270720169619,0.0230183687512069,0.0076523200091787,BraTS20_Training_196,T1,"(240, 240, 155)","(np.float32(1.0), np.float32(1.0), np.float32(1.0))"
0.2008088895798783,0.3395952928055013,1.0,3.1007514450984583,0.0096833291392677,0.0317014333147303,0.0086687270318831,BraTS20_Training_311,T1,"(240, 240, 155)","(np.float32(1.0), np.float32(1.0), np.float32(1.0))"
0.252465170361777,0.3871779206967365,1.0,3.6382384084398782,0.0203633560349117,0.0250060236447924,0.017139196731129,BraTS20_Training_293,T1,"(240, 240, 155)","(np.float32(1.0), np.float32(1.0), np.float32(1.0))"
0.2307743849288209,0.3640387533710117,1.0,5.0802513248517815,0.0125805219216639,0.0272408910991556,0.0142207532844879,BraTS20_Training_345,T1,"(240, 240, 155)","(np.float32(1.0), np.float32(1.0), np.float32(1.0))"
0.2572786240228922,0.3695082415639258,1.0,3.718805695074417,0.0141627201824308,0.0276535026974685,0.0096369853946089,BraTS20_Training_193,T1,"(240, 240, 155)","(np.float32(1.0), np.float32(1.0), np.float32(1.0))"
0.178805397384912,0.3347602320768357,1.0,2.60891952601662,0.011088820176725,0.0236368445058709,0.01603029250901,BraTS20_Training_076,T1,"(240, 240, 155)","(np.float32(1.0), np.float32(1.0), np.float32(1.0))"
0.2310875144402435,0.3538697863815028,1.0,3.528685749448077,0.0127031230333574,0.0302946287498533,0.0171361491035183,BraTS20_Training_085,T1,"(240, 240, 155)","(np.float32(1.0), np.float32(1.0), np.float32(1.0))"
0.2030026576602863,0.3434153464125746,1.0,3.700137219793304,0.0070795316484096,0.0246947290683727,0.0088867821517148,BraTS20_Training_358,T1,"(240, 240, 155)","(np.float32(1.0), np.float32(1.0), np.float32(1.0))"
0.232245438055014,0.3485843835727978,1.0,3.57430478399651,0.0129875921250012,0.0291763942265386,0.0154078767572961,BraTS20_Training_017,T1,"(240, 240, 155)","(np.float32(1.0), np.float32(1.0), np.float32(1.0))"
0.2162630208333333,0.3404227254401228,1.0,3.353795427784911,0.0142984974534033,0.0288669468252282,0.016644757924748,BraTS20_Training_067,T1,"(240, 240, 155)","(np.float32(1.0), np.float32(1.0), np.float32(1.0))"
0.2619825569265617,0.3906763643613432,1.0,3.613669609448374,0.0121524089393109,0.0198117846925884,0.008720708894058,BraTS20_Training_284,T1,"(240, 240, 155)","(np.float32(1.0), np.float32(1.0), np.float32(1.0))"
0.2205009175842509,0.3410302764911093,1.0,3.671051455949759,0.0109224869420221,0.0320642844351818,0.0159912958805719,BraTS20_Training_008,T1,"(240, 240, 155)","(np.float32(1.0), np.float32(1.0), np.float32(1.0))"
0.2317074652777777,0.3445620569663894,1.0,3.812950732498845,0.0077302278202947,0.0302998878918487,0.0150156718155664,BraTS20_Training_114,T1,"(240, 240, 155)","(np.float32(1.0), np.float32(1.0), np.float32(1.0))"
0.2183376107085346,0.3339405933561845,1.0,3.6500788625760174,0.0097900037367776,0.0314166709733291,0.0183629362103689,BraTS20_Training_117,T1,"(240, 240, 155)","(np.float32(1.0), np.float32(1.0), np.float32(1.0))"
0.2637844094094094,0.3877304623645158,1.0,3.37334340146964,0.0105760886519965,0.0209781395588494,0.0070957876448747,BraTS20_Training_328,T1,"(240, 240, 155)","(np.float32(1.0), np.float32(1.0), np.float32(1.0))"
0.2065017438546932,0.3353964816814686,1.0,3.974095057793161,0.0028553779963918,0.0196379868936614,0.006602178689795,BraTS20_Training_323,T1,"(240, 240, 155)","(np.float32(1.0), np.float32(1.0), np.float32(1.0))"
0.2456488872762458,0.3891089905053029,1.0,3.159213450862209,0.0157184975344582,0.021420427422635,0.0112968558197971,BraTS20_Training_275,T1,"(240, 240, 155)","(np.float32(1.0), np.float32(1.0), np.float32(1.0))"
0.2533251991064491,0.386406927599097,1.0,3.092530186368252,0.0207791028901168,0.0280332122236851,0.0107151047335576,BraTS20_Training_164,T1,"(240, 240, 155)","(np.float32(1.0), np.float32(1.0), np.float32(1.0))"
0.2567291742479379,0.3672686523192726,1.0,3.6597086463964543,0.009539568210518,0.031275228425438,0.0180939303417678,BraTS20_Training_111,T1,"(240, 240, 155)","(np.float32(1.0), np.float32(1.0), np.float32(1.0))"
0.2222989720497406,0.3481533945334249,1.0,5.077011689253658,0.0072688641475504,0.0208737775573458,0.0018453592761332,BraTS20_Training_348,T1,"(240, 240, 155)","(np.float32(1.0), np.float32(1.0), np.float32(1.0))"
0.2182386872759857,0.3447958536382005,1.0,3.376161264473016,0.0172877001364248,0.0267770763287079,0.014197879529677,BraTS20_Training_061,T1,"(240, 240, 155)","(np.float32(1.0), np.float32(1.0), np.float32(1.0))"
0.2535457643202208,0.388668784820537,1.0,3.080546999373838,0.0143085413907213,0.0229158197865794,0.0088672581178534,BraTS20_Training_158,T1,"(240, 240, 155)","(np.float32(1.0), np.float32(1.0), np.float32(1.0))"
0.2158162761366399,0.3453691897921288,1.0,3.330056472129204,0.0115789502822613,0.0247341623856264,0.0082259319828062,BraTS20_Training_321,T1,"(240, 240, 155)","(np.float32(1.0), np.float32(1.0), np.float32(1.0))"
0.2521969748547567,0.3866026168367065,1.0,3.069918358425518,0.0099429713939557,0.0219098398717503,0.0023037552520229,BraTS20_Training_223,T1,"(240, 240, 155)","(np.float32(1.0), np.float32(1.0), np.float32(1.0))"
0.2350376512440354,0.3743806702471532,1.0,3.1199742475072627,0.0136211831562263,0.0253420919203474,0.0164695863255099,BraTS20_Training_228,T1,"(240, 240, 155)","(np.float32(1.0), np.float32(1.0), np.float32(1.0))"
0.2458686315165877,0.3764997482118478,1.0,3.6029210763562047,0.0050991671186658,0.0238203267698781,0.0074523839810975,BraTS20_Training_142,T1,"(240, 240, 155)","(np.float32(1.0), np.float32(1.0), np.float32(1.0))"
0.2164481165600568,0.3498338006322118,1.0,3.1897450813943378,0.0123102485592142,0.0276422333833716,0.0164724272437301,BraTS20_Training_018,T1,"(240, 240, 155)","(np.float32(1.0), np.float32(1.0), np.float32(1.0))"
0.2287356584723698,0.3772500137576893,1.0,3.014073705252473,0.0164556466632415,0.0226644807398611,0.0134166068940775,BraTS20_Training_247,T1,"(240, 240, 155)","(np.float32(1.0), np.float32(1.0), np.float32(1.0))"
0.1982256355932203,0.3371750387350487,1.0,3.0388903652618136,0.0133754881240471,0.0262393115191488,0.0184892337369004,BraTS20_Training_025,T1,"(240, 240, 155)","(np.float32(1.0), np.float32(1.0), np.float32(1.0))"
0.2605978037766831,0.4031203639384081,1.0,3.3000082382724925,0.0219256393475939,0.0233573172021646,0.0154207288554923,BraTS20_Training_203,T1,"(240, 240, 155)","(np.float32(1.0), np.float32(1.0), np.float32(1.0))"
0.2422320185790365,0.3826044750832182,1.0,3.5034744668977456,0.0068820481178363,0.0228207745675896,0.0074422304507758,BraTS20_Training_325,T1,"(240, 240, 155)","(np.float32(1.0), np.float32(1.0), np.float32(1.0))"
0.2531764137588001,0.3700374456774707,1.0,4.546702834675547,0.0075538770130978,0.0314178974505626,0.0100396297045638,BraTS20_Training_361,T1,"(240, 240, 155)","(np.float32(1.0), np.float32(1.0), np.float32(1.0))"
0.197902072387624,0.3542201673875623,1.0,3.1112036973435053,0.0153344757637843,0.0196082816858346,0.0152648787396331,BraTS20_Training_259,T1,"(240, 240, 155)","(np.float32(1.0), np.float32(1.0), np.float32(1.0))"
0.2524025831873905,0.3857039897179575,1.0,3.511435458203916,0.0049296519328346,0.02307774964601,0.0074066847417778,BraTS20_Training_141,T1,"(240, 240, 155)","(np.float32(1.0), np.float32(1.0), np.float32(1.0))"
0.197760841259058,0.3433999362376495,1.0,3.6831746093702833,0.0105378513896603,0.0232059839678348,0.0119360514805658,BraTS20_Training_347,T1,"(240, 240, 155)","(np.float32(1.0), np.float32(1.0), np.float32(1.0))"
0.2646506944444444,0.390213715330314,1.0,3.618493878237636,0.0256284720096371,0.0281599190428255,0.0231877140319021,BraTS20_Training_235,T1,"(240, 240, 155)","(np.float32(1.0), np.float32(1.0), np.float32(1.0))"
0.2155196819856505,0.350535494007335,1.0,3.980411650117062,0.0078041237153763,0.024237424121597,0.014476439481948,BraTS20_Training_365,T1,"(240, 240, 155)","(np.float32(1.0), np.float32(1.0), np.float32(1.0))"
0.2241425565372309,0.358679585305509,1.0,3.588271595143784,0.0204539431342114,0.0321603816910461,0.0200704451187016,BraTS20_Training_302,T1,"(240, 240, 155)","(np.float32(1.0), np.float32(1.0), np.float32(1.0))"
0.2628427979390681,0.3910547672541144,1.0,3.662383381240996,0.0071524461321796,0.0197089766294109,0.0065774614295685,BraTS20_Training_333,T1,"(240, 240, 155)","(np.float32(1.0), np.float32(1.0), np.float32(1.0))"
0.245292993133583,0.3847179879783058,1.0,3.2405971668605478,0.0139299862765176,0.0215326274171505,0.0101292179979295,BraTS20_Training_272,T1,"(240, 240, 155)","(np.float32(1.0), np.float32(1.0), np.float32(1.0))"
0.2266626617518974,0.3733595068637581,1.0,3.820842929999373,0.0147258609676327,0.0231664872249979,0.0104040630681009,BraTS20_Training_173,T1,"(240, 240, 155)","(np.float32(1.0), np.float32(1.0), np.float32(1.0))"
0.2462205210663683,0.3880322881076933,1.0,2.594605033416422,0.0210455657027461,0.0234175500203682,0.0084952696903767,BraTS20_Training_197,T1,"(240, 240, 155)","(np.float32(1.0), np.float32(1.0), np.float32(1.0))"
0.2155001463388676,0.3343490328461426,1.0,3.525517208808707,0.0134419862471027,0.0309424559328932,0.0169904249013693,BraTS20_Training_020,T1,"(240, 240, 155)","(np.float32(1.0), np.float32(1.0), np.float32(1.0))"
0.2375897442187551,0.3597684404575209,1.0,4.362937951875309,0.0090702908895738,0.0281792014699643,0.0099155077986281,BraTS20_Training_354,T1,"(240, 240, 155)","(np.float32(1.0), np.float32(1.0), np.float32(1.0))"
0.2042937184343434,0.3285946018849685,1.0,3.318132884659408,0.0113572349919651,0.0289004340296645,0.0161665497928338,BraTS20_Training_080,T1,"(240, 240, 155)","(np.float32(1.0), np.float32(1.0), np.float32(1.0))"
0.2174142279861589,0.3474251233608162,1.0,3.9954276758701694,0.0161273676517288,0.0263343635894436,0.0106269226495833,BraTS20_Training_168,T1,"(240, 240, 155)","(np.float32(1.0), np.float32(1.0), np.float32(1.0))"
0.2172373420423497,0.3491893799085574,1.0,3.158297285258752,0.0137079018716966,0.025316257533356,0.0150988188093081,BraTS20_Training_019,T1,"(240, 240, 155)","(np.float32(1.0), np.float32(1.0), np.float32(1.0))"
0.2546455351056578,0.3890451838361164,1.0,3.1700262950035847,0.0153831101722558,0.024620597633287,0.0078138995288203,BraTS20_Training_199,T1,"(240, 240, 155)","(np.float32(1.0), np.float32(1.0), np.float32(1.0))"
0.2161771664620421,0.3543336310910724,1.0,3.236393581422701,0.0077878762848855,0.0279101307433025,0.0157511588344182,BraTS20_Training_105,T1,"(240, 240, 155)","(np.float32(1.0), np.float32(1.0), np.float32(1.0))"
0.2080848765432099,0.3491987419115293,1.0,3.444085693063003,0.0188343635116598,0.0332125276910859,0.0223191078672752,BraTS20_Training_286,T1,"(240, 240, 155)","(np.float32(1.0), np.float32(1.0), np.float32(1.0))"
0.2416322035655058,0.3680244873138509,1.0,3.451333145401832,0.0082256056858122,0.0271104018589815,0.0153098922786213,BraTS20_Training_119,T1,"(240, 240, 155)","(np.float32(1.0), np.float32(1.0), np.float32(1.0))"
0.2111511936939487,0.3367664068672263,1.0,4.203436040307957,0.008923856665002,0.0288848760488898,0.010288938769214,BraTS20_Training_350,T1,"(240, 240, 155)","(np.float32(1.0), np.float32(1.0), np.float32(1.0))"
0.1926582812116752,0.3206986150342508,1.0,3.2160476853669677,0.0115878594776815,0.0275348897024594,0.0179018205037419,BraTS20_Training_032,T1,"(240, 240, 155)","(np.float32(1.0), np.float32(1.0), np.float32(1.0))"
0.1947718774281274,0.3215160495741495,1.0,3.231206106604529,0.0090396561696095,0.0258565227295968,0.019056322034571,BraTS20_Training_037,T1,"(240, 240, 155)","(np.float32(1.0), np.float32(1.0), np.float32(1.0))"
0.2048023056402439,0.3546645861912327,1.0,2.837430113945816,0.0162506551728055,0.0249227803025262,0.0096755364640206,BraTS20_Training_159,T1,"(240, 240, 155)","(np.float32(1.0), np.float32(1.0), np.float32(1.0))"
0.2177650525189167,0.351115177831098,1.0,3.69504172335298,0.0219735269429206,0.0323957042161653,0.0206834565547567,BraTS20_Training_184,T1,"(240, 240, 155)","(np.float32(1.0), np.float32(1.0), np.float32(1.0))"
0.2383375047464657,0.3656451680250297,1.0,4.2863033971955975,0.0130310456803537,0.0272349620302448,0.0101756283085187,BraTS20_Training_169,T1,"(240, 240, 155)","(np.float32(1.0), np.float32(1.0), np.float32(1.0))"
0.2091729600694444,0.3457983951266987,1.0,3.408272561520711,0.0139442824469672,0.0299927977570456,0.0207527522344703,BraTS20_Training_303,T1,"(240, 240, 155)","(np.float32(1.0), np.float32(1.0), np.float32(1.0))"
0.2412340989211689,0.3916235486436396,1.0,3.123731200138568,0.0049023148700175,0.0177744109570233,0.0062565242130166,BraTS20_Training_140,T1,"(240, 240, 155)","(np.float32(1.0), np.float32(1.0), np.float32(1.0))"
0.2212655266881086,0.3491032490544701,1.0,4.106581615716311,0.0062248581636048,0.0258418244347819,0.0083378259473815,BraTS20_Training_336,T1,"(240, 240, 155)","(np.float32(1.0), np.float32(1.0), np.float32(1.0))"
0.20658831671645,0.344205012553967,1.0,3.907275911400284,0.0080068728812297,0.021798863706748,0.0091000625639223,BraTS20_Training_176,T1,"(240, 240, 155)","(np.float32(1.0), np.float32(1.0), np.float32(1.0))"
0.2100988078459008,0.3415519651263065,1.0,3.1634628171479533,0.0121439026431282,0.0271151276618273,0.0165763737267627,BraTS20_Training_060,T1,"(240, 240, 155)","(np.float32(1.0), np.float32(1.0), np.float32(1.0))"
0.2262418742840779,0.3380716904702033,1.0,3.649114638225938,0.0094122269163094,0.0303446031004028,0.017723472427531,BraTS20_Training_112,T1,"(240, 240, 155)","(np.float32(1.0), np.float32(1.0), np.float32(1.0))"
0.2119254557291666,0.3217887341060572,1.0,2.70439536932244,0.002125506930881,0.0246548270123871,0.0071353174242704,BraTS20_Training_149,T1,"(240, 240, 155)","(np.float32(1.0), np.float32(1.0), np.float32(1.0))"
0.2046235087250712,0.326437960936044,1.0,3.3390443568850454,0.0112847239660696,0.0277596715502486,0.0180253533854593,BraTS20_Training_007,T1,"(240, 240, 155)","(np.float32(1.0), np.float32(1.0), np.float32(1.0))"
0.2414271747076023,0.3753888994138791,1.0,3.2596581079572533,0.0138551652645258,0.0212308696011544,0.0070828751440566,BraTS20_Training_273,T1,"(240, 240, 155)","(np.float32(1.0), np.float32(1.0), np.float32(1.0))"
0.2453248058790904,0.3887270608819624,1.0,3.162181635092343,0.0165788667913125,0.0217951913722657,0.0129887358367216,BraTS20_Training_254,T1,"(240, 240, 155)","(np.float32(1.0), np.float32(1.0), np.float32(1.0))"
0.2285567251461988,0.3485535737606694,1.0,3.507838461429773,0.0137346492767005,0.0312046883113807,0.017675680243404,BraTS20_Training_011,T1,"(240, 240, 155)","(np.float32(1.0), np.float32(1.0), np.float32(1.0))"
0.1830498577459618,0.3096763753812446,1.0,3.3526019419596524,0.0092950118366464,0.0271908816010149,0.0126543691557471,BraTS20_Training_239,T1,"(240, 240, 155)","(np.float32(1.0), np.float32(1.0), np.float32(1.0))"
0.2211971894997091,0.3366275565396011,1.0,3.585460796335606,0.0121354624054259,0.0298865264749666,0.0169026233976603,BraTS20_Training_104,T1,"(240, 240, 155)","(np.float32(1.0), np.float32(1.0), np.float32(1.0))"
0.2148516287371708,0.3421691881233204,1.0,3.4031893067768264,0.0073210963555247,0.0282980059490175,0.0164929149040349,BraTS20_Training_082,T1,"(240, 240, 155)","(np.float32(1.0), np.float32(1.0), np.float32(1.0))"
0.2388793276972625,0.3865163518929519,1.0,2.78062875146268,0.0183631076753541,0.0229121449775696,0.0104736152152951,BraTS20_Training_183,T1,"(240, 240, 155)","(np.float32(1.0), np.float32(1.0), np.float32(1.0))"
0.2011748321123321,0.3318159675221634,1.0,2.606428805265668,0.0029448352319231,0.0252745036711196,0.0071278952812769,BraTS20_Training_266,T1,"(240, 240, 155)","(np.float32(1.0), np.float32(1.0), np.float32(1.0))"
0.2398361175610595,0.3849367346169444,1.0,2.9222970804159,0.011226103906339,0.0205142578114934,0.002428191918007,BraTS20_Training_224,T1,"(240, 240, 155)","(np.float32(1.0), np.float32(1.0), np.float32(1.0))"
0.2199714099750408,0.3575471031160752,1.0,3.711988294160602,0.018501509491185,0.0287636012060422,0.0190281485155801,BraTS20_Training_297,T1,"(240, 240, 155)","(np.float32(1.0), np.float32(1.0), np.float32(1.0))"
0.267121530332761,0.4075034675172944,1.0,3.5004511614234883,0.0073452269927575,0.0198876076740956,0.0094255778044477,BraTS20_Training_352,T1,"(240, 240, 155)","(np.float32(1.0), np.float32(1.0), np.float32(1.0))"
0.2305912493241416,0.3585980488963997,1.0,3.392633211121044,0.0144930190904492,0.027582437594975,0.0124281465913629,BraTS20_Training_318,T1,"(240, 240, 155)","(np.float32(1.0), np.float32(1.0), np.float32(1.0))"
0.2364359441408622,0.3631295323004729,1.0,3.267370636770786,0.0060791442505167,0.0211974344104349,0.0015868981178582,BraTS20_Training_148,T1,"(240, 240, 155)","(np.float32(1.0), np.float32(1.0), np.float32(1.0))"
0.2587464165678133,0.3885384285482683,1.0,3.175862344918615,0.0175503193207898,0.0264895763174448,0.006571529875453,BraTS20_Training_204,T1,"(240, 240, 155)","(np.float32(1.0), np.float32(1.0), np.float32(1.0))"
0.2217187884095378,0.3442337936853722,1.0,3.3955318158347025,0.0105869014774279,0.0278261126117516,0.0161733830457452,BraTS20_Training_093,T1,"(240, 240, 155)","(np.float32(1.0), np.float32(1.0), np.float32(1.0))"
0.2384088392001916,0.3531786896748101,1.0,3.5556009127757795,0.0089280242859443,0.0277346649854497,0.0147990856685419,BraTS20_Training_070,T1,"(240, 240, 155)","(np.float32(1.0), np.float32(1.0), np.float32(1.0))"
0.2211857998793463,0.3476709674694507,1.0,4.203063917246311,0.0094178290183749,0.0294593713777356,0.0097859450793406,BraTS20_Training_351,T1,"(240, 240, 155)","(np.float32(1.0), np.float32(1.0), np.float32(1.0))"
0.1932456827679449,0.3307548674538628,1.0,3.051858890064929,0.0155163093355979,0.029684554964951,0.0190115269410824,BraTS20_Training_097,T1,"(240, 240, 155)","(np.float32(1.0), np.float32(1.0), np.float32(1.0))"
0.2549568723102503,0.3752878200636044,1.0,3.677895115509661,0.0091602140443157,0.0245971436751531,0.0086580505755799,BraTS20_Training_144,T1,"(240, 240, 155)","(np.float32(1.0), np.float32(1.0), np.float32(1.0))"
0.2409644801051051,0.3902771030821287,1.0,2.958985087412106,0.0212364801809128,0.023133011234525,0.0106137135478091,BraTS20_Training_282,T1,"(240, 240, 155)","(np.float32(1.0), np.float32(1.0), np.float32(1.0))"
0.2214278590425531,0.3440327865993272,1.0,3.349764835697048,0.0096633560308837,0.0273121489155098,0.019144715828309,BraTS20_Training_098,T1,"(240, 240, 155)","(np.float32(1.0), np.float32(1.0), np.float32(1.0))"
0.2729844768979943,0.3999915374887371,1.0,3.725544764033343,0.0061196041223211,0.0212038379082504,0.0061751402958367,BraTS20_Training_324,T1,"(240, 240, 155)","(np.float32(1.0), np.float32(1.0), np.float32(1.0))"
0.2289442642492792,0.3622875750457525,1.0,3.239703125100449,0.017866292946376,0.0282083871965315,0.0155379021360447,BraTS20_Training_069,T1,"(240, 240, 155)","(np.float32(1.0), np.float32(1.0), np.float32(1.0))"
0.2115922930203859,0.3268278056204097,1.0,3.53040011854474,0.0059175133640482,0.023214742177828,0.0134362943531465,BraTS20_Training_024,T1,"(240, 240, 155)","(np.float32(1.0), np.float32(1.0), np.float32(1.0))"
0.2026867701698514,0.3299785616131314,1.0,3.2970733606170137,0.012808191202007,0.0311232110256558,0.0210356089234977,BraTS20_Training_038,T1,"(240, 240, 155)","(np.float32(1.0), np.float32(1.0), np.float32(1.0))"
0.2266133390216155,0.3542789591186795,1.0,3.2102505640406207,0.005738179989154,0.0243057828376941,0.0025300379155385,BraTS20_Training_145,T1,"(240, 240, 155)","(np.float32(1.0), np.float32(1.0), np.float32(1.0))"
0.2260211134563268,0.3502048357788163,1.0,3.455354994487225,0.011404851462824,0.0291162424765696,0.0179170253574462,BraTS20_Training_123,T1,"(240, 240, 155)","(np.float32(1.0), np.float32(1.0), np.float32(1.0))"
0.2175890628319524,0.3369500447298278,1.0,3.491816588086296,0.014155884116086,0.0308109566512312,0.0176059880845801,BraTS20_Training_068,T1,"(240, 240, 155)","(np.float32(1.0), np.float32(1.0), np.float32(1.0))"
0.2448188799420586,0.3776780971280662,1.0,3.143832563143035,0.0142167449350956,0.0234321107769408,0.0096179181740577,BraTS20_Training_166,T1,"(240, 240, 155)","(np.float32(1.0), np.float32(1.0), np.float32(1.0))"
0.2257044207626019,0.3447857245312685,1.0,4.10475397316186,0.006140290038908,0.0256070298612051,0.0005541330476846,BraTS20_Training_353,T1,"(240, 240, 155)","(np.float32(1.0), np.float32(1.0), np.float32(1.0))"
0.162660805393586,0.2920797341590173,1.0,3.4469994392451864,0.0066430908447302,0.0262540709253023,0.0131457362590296,BraTS20_Training_295,T1,"(240, 240, 155)","(np.float32(1.0), np.float32(1.0), np.float32(1.0))"
0.2240499906472129,0.3635365847878731,1.0,2.939398557744711,0.0169509819481761,0.0240770393350655,0.0099614530602071,BraTS20_Training_174,T1,"(240, 240, 155)","(np.float32(1.0), np.float32(1.0), np.float32(1.0))"
0.2131342200251098,0.3456674115569298,1.0,3.2471238224427936,0.0069252750035564,0.0271585673402867,0.0160624868401754,BraTS20_Training_126,T1,"(240, 240, 155)","(np.float32(1.0), np.float32(1.0), np.float32(1.0))"
0.2182673807837582,0.3503647475280192,1.0,3.121623314770333,0.0045379246282371,0.0181093224748072,0.002029666374097,BraTS20_Training_147,T1,"(240, 240, 155)","(np.float32(1.0), np.float32(1.0), np.float32(1.0))"
0.2118073328799868,0.3454419992502781,1.0,3.536418382995591,0.0180266931612059,0.0366290552665176,0.0274459152194851,BraTS20_Training_211,T1,"(240, 240, 155)","(np.float32(1.0), np.float32(1.0), np.float32(1.0))"
0.2029098928998123,0.3260833636001244,1.0,3.5663196101708845,0.0152851152263811,0.0331107264239675,0.0258770300756915,BraTS20_Training_087,T1,"(240, 240, 155)","(np.float32(1.0), np.float32(1.0), np.float32(1.0))"
0.2397332243217054,0.3772894938674904,1.0,3.1525734248622035,0.0131120029011344,0.0196224784401152,0.0062259726982865,BraTS20_Training_312,T1,"(240, 240, 155)","(np.float32(1.0), np.float32(1.0), np.float32(1.0))"
0.1908981896864237,0.312304381025045,1.0,3.6596367656100455,0.0074115045302654,0.0280601775353986,0.0130433905986727,BraTS20_Training_182,T1,"(240, 240, 155)","(np.float32(1.0), np.float32(1.0), np.float32(1.0))"
0.2497970702134123,0.3835570638316751,1.0,4.672144489310885,0.0119774284454202,0.023570311080075,0.0056687597192459,BraTS20_Training_313,T1,"(240, 240, 155)","(np.float32(1.0), np.float32(1.0), np.float32(1.0))"
0.254065430378627,0.3886771815316001,1.0,3.0937667606211146,0.015307119950212,0.0245085259698005,0.0094327324775361,BraTS20_Training_178,T1,"(240, 240, 155)","(np.float32(1.0), np.float32(1.0), np.float32(1.0))"
0.2354473276713786,0.3772830864748319,1.0,3.1905771659859448,0.0103378610283019,0.0187663622354797,0.010552076059115,BraTS20_Training_281,T1,"(240, 240, 155)","(np.float32(1.0), np.float32(1.0), np.float32(1.0))"
0.2331613428360651,0.3512672860665988,1.0,4.600799581177927,0.0077720722264833,0.0316662659064513,0.0097784426046018,BraTS20_Training_364,T1,"(240, 240, 155)","(np.float32(1.0), np.float32(1.0), np.float32(1.0))"
0.2332826646090534,0.3736717747169448,1.0,3.36787531976864,0.0052275927619434,0.0208368429731976,0.0060685338746273,BraTS20_Training_263,T1,"(240, 240, 155)","(np.float32(1.0), np.float32(1.0), np.float32(1.0))"
0.2482731944444444,0.375727404626037,1.0,3.1851502081474177,0.0129563266666666,0.0248873670547835,0.0108676625801818,BraTS20_Training_291,T1,"(240, 240, 155)","(np.float32(1.0), np.float32(1.0), np.float32(1.0))"
0.2557947282919166,0.3831921906674401,1.0,3.4412511741922622,0.0046245008770905,0.0227741064324563,0.0063677695746313,BraTS20_Training_262,T1,"(240, 240, 155)","(np.float32(1.0), np.float32(1.0), np.float32(1.0))"
0.2547400338212464,0.3878546313332629,1.0,3.373360780098833,0.0075500345228814,0.0225229540912937,0.0050167951430447,BraTS20_Training_130,T1,"(240, 240, 155)","(np.float32(1.0), np.float32(1.0), np.float32(1.0))"
0.2128409865776629,0.3600885118642721,1.0,2.8477460657208886,0.0124117615665161,0.0242362343423127,0.0144063575464589,BraTS20_Training_039,T1,"(240, 240, 155)","(np.float32(1.0), np.float32(1.0), np.float32(1.0))"
0.2345013096978557,0.3515490115686553,1.0,3.614322162858056,0.0131118774793953,0.0297725520388543,0.0150641356127009,BraTS20_Training_012,T1,"(240, 240, 155)","(np.float32(1.0), np.float32(1.0), np.float32(1.0))"
0.2024279171878257,0.3579094389595824,1.0,2.7524548367882207,0.0147713043076093,0.0192131597853065,0.0088788882732013,BraTS20_Training_246,T1,"(240, 240, 155)","(np.float32(1.0), np.float32(1.0), np.float32(1.0))"
0.2475819365753855,0.3815319119458613,1.0,3.1751607878412957,0.0127690507574359,0.0264051797213038,0.011399243840943,BraTS20_Training_186,T1,"(240, 240, 155)","(np.float32(1.0), np.float32(1.0), np.float32(1.0))"
0.2186673844478388,0.3465609559285533,1.0,3.682058690098911,0.0168094681265494,0.0316589357124917,0.0246063607426077,BraTS20_Training_305,T1,"(240, 240, 155)","(np.float32(1.0), np.float32(1.0), np.float32(1.0))"
0.2172100105932203,0.3404178066192634,1.0,3.3641428508366427,0.0115155424586644,0.0276813789289604,0.0161446026938029,BraTS20_Training_113,T1,"(240, 240, 155)","(np.float32(1.0), np.float32(1.0), np.float32(1.0))"
0.2346841809640523,0.3681909273506697,1.0,3.1785554396387417,0.0220082336120722,0.0261946220596401,0.0084531929532271,BraTS20_Training_180,T1,"(240, 240, 155)","(np.float32(1.0), np.float32(1.0), np.float32(1.0))"
0.2242889799239494,0.3645940648514697,1.0,3.480100693521229,0.0164438232011383,0.0281441812725493,0.0080602265265925,BraTS20_Training_245,T1,"(240, 240, 155)","(np.float32(1.0), np.float32(1.0), np.float32(1.0))"
0.2593718277039498,0.4040909226713724,1.0,3.1417408940319835,0.0194420863486912,0.0234320555775256,0.0111672304316137,BraTS20_Training_233,T1,"(240, 240, 155)","(np.float32(1.0), np.float32(1.0), np.float32(1.0))"
0.2257675834379577,0.3489390944389736,1.0,3.589771187151143,0.0108499771836057,0.0331636550916973,0.0181226572671713,BraTS20_Training_118,T1,"(240, 240, 155)","(np.float32(1.0), np.float32(1.0), np.float32(1.0))"
0.2296118348984432,0.3748770827984365,1.0,4.689514909542257,0.0106206399248601,0.0208256806567345,0.0006641278193899,BraTS20_Training_341,T1,"(240, 240, 155)","(np.float32(1.0), np.float32(1.0), np.float32(1.0))"
0.2332605327819463,0.3647491105823273,1.0,4.291441773768068,0.0082316853801038,0.0264164339290537,0.0099178695995089,BraTS20_Training_356,T1,"(240, 240, 155)","(np.float32(1.0), np.float32(1.0), np.float32(1.0))"
0.2056515522875817,0.328580945534216,1.0,2.5678404811759354,0.0047661431300461,0.026150858999252,0.0095388010381794,BraTS20_Training_267,T1,"(240, 240, 155)","(np.float32(1.0), np.float32(1.0), np.float32(1.0))"
0.2031090766059028,0.3438295099760874,1.0,3.523859532177316,0.0130533749427324,0.0261894579851816,0.0087365613986072,BraTS20_Training_335,T1,"(240, 240, 155)","(np.float32(1.0), np.float32(1.0), np.float32(1.0))"
0.2417850841476656,0.3754862355558609,1.0,3.0745668543470077,0.0290541709991618,0.029336243317828,0.0111027980322642,BraTS20_Training_165,T1,"(240, 240, 155)","(np.float32(1.0), np.float32(1.0), np.float32(1.0))"
0.2534832879754755,0.3903895950885212,1.0,3.097670043347004,0.0118311882406054,0.0208780065223704,0.0048669815610493,BraTS20_Training_225,T1,"(240, 240, 155)","(np.float32(1.0), np.float32(1.0), np.float32(1.0))"
0.260030347036044,0.3879315932811183,1.0,3.5722008113257777,0.0056054151083606,0.0191162229479651,0.0054784136601949,BraTS20_Training_137,T1,"(240, 240, 155)","(np.float32(1.0), np.float32(1.0), np.float32(1.0))"
0.1961582841133878,0.3406853875027972,1.0,3.66673280651169,0.0062834130547461,0.0251666269143853,0.0104548037583756,BraTS20_Training_155,T1,"(240, 240, 155)","(np.float32(1.0), np.float32(1.0), np.float32(1.0))"
0.2609923970306513,0.3956115976303572,1.0,3.1015637245540546,0.0155274474831549,0.0246547725700682,0.0078566597619277,BraTS20_Training_200,T1,"(240, 240, 155)","(np.float32(1.0), np.float32(1.0), np.float32(1.0))"
0.2520000103958749,0.3949414710939182,1.0,2.9258384514360625,0.0141366717662479,0.0207791829162365,0.0071634623046328,BraTS20_Training_198,T1,"(240, 240, 155)","(np.float32(1.0), np.float32(1.0), np.float32(1.0))"
0.2786201305961625,0.4140084587624075,1.0,5.30964339644845,0.0066099635440574,0.0185654726068949,0.0077625265654394,BraTS20_Training_362,T1,"(240, 240, 155)","(np.float32(1.0), np.float32(1.0), np.float32(1.0))"
0.2075365732230392,0.3443223617242262,1.0,3.103125239865404,0.0159003570216383,0.0254260165951397,0.017593059681193,BraTS20_Training_003,T1,"(240, 240, 155)","(np.float32(1.0), np.float32(1.0), np.float32(1.0))"
0.2041820008041976,0.3479297536008061,1.0,3.756324418992944,0.0167138061971954,0.0293629626862932,0.0184098923886219,BraTS20_Training_292,T1,"(240, 240, 155)","(np.float32(1.0), np.float32(1.0), np.float32(1.0))"
0.229088089890541,0.353363883966536,1.0,3.484195591732909,0.0080418324058846,0.0287324357280463,0.0160001110397236,BraTS20_Training_116,T1,"(240, 240, 155)","(np.float32(1.0), np.float32(1.0), np.float32(1.0))"
0.2499529340721796,0.3907718288822511,1.0,2.997430355157088,0.0137529457370256,0.0211632704867984,0.0071901813734636,BraTS20_Training_210,T1,"(240, 240, 155)","(np.float32(1.0), np.float32(1.0), np.float32(1.0))"
0.217518290222562,0.3555715511859085,1.0,3.432576840947641,0.0075671444369628,0.0262485297450063,0.0115802866829428,BraTS20_Training_212,T1,"(240, 240, 155)","(np.float32(1.0), np.float32(1.0), np.float32(1.0))"
0.2110461893090569,0.3410382052909679,1.0,3.242780159614518,0.0125813130092723,0.0274067029178598,0.0174793203778655,BraTS20_Training_027,T1,"(240, 240, 155)","(np.float32(1.0), np.float32(1.0), np.float32(1.0))"
0.2338662380642361,0.3535272737241944,1.0,3.481512141136416,0.0129797552691565,0.0282506205089092,0.0166186410597363,BraTS20_Training_121,T1,"(240, 240, 155)","(np.float32(1.0), np.float32(1.0), np.float32(1.0))"
0.2169094860166289,0.3618099957703194,1.0,2.929073516793759,0.0130288852124372,0.023756798143004,0.0124713886989314,BraTS20_Training_285,T1,"(240, 240, 155)","(np.float32(1.0), np.float32(1.0), np.float32(1.0))"
0.191949938466948,0.3236364577479872,1.0,2.53167290678226,0.0022993221349854,0.0237191221392352,0.0070376687587291,BraTS20_Training_269,T1,"(240, 240, 155)","(np.float32(1.0), np.float32(1.0), np.float32(1.0))"
0.2115508697411003,0.3533426379438286,1.0,3.1292802593779268,0.0115640832665661,0.0239028341516356,0.0113502709879026,BraTS20_Training_319,T1,"(240, 240, 155)","(np.float32(1.0), np.float32(1.0), np.float32(1.0))"
0.2142774275751072,0.3338004454305992,1.0,3.503146070850674,0.007263132871965,0.0308169556127628,0.0159676557579611,BraTS20_Training_128,T1,"(240, 240, 155)","(np.float32(1.0), np.float32(1.0), np.float32(1.0))"
0.2228432721712538,0.3363435098946014,1.0,3.566481780830351,0.0145774261425805,0.0269874417031169,0.0142103407248391,BraTS20_Training_075,T1,"(240, 240, 155)","(np.float32(1.0), np.float32(1.0), np.float32(1.0))"
0.219191414596688,0.3588688570906722,1.0,3.6437465489497898,0.0154857382299571,0.0287976585693003,0.0184264824514602,BraTS20_Training_300,T1,"(240, 240, 155)","(np.float32(1.0), np.float32(1.0), np.float32(1.0))"
0.2198344221372423,0.3372437450243405,1.0,3.4710139928269803,0.0139601319695535,0.0285701999145748,0.0163085188261102,BraTS20_Training_030,T1,"(240, 240, 155)","(np.float32(1.0), np.float32(1.0), np.float32(1.0))"
0.2330020833333333,0.3608682733098059,1.0,3.3880965722254457,0.0128751415973796,0.0286975091137269,0.0162227445837283,BraTS20_Training_084,T1,"(240, 240, 155)","(np.float32(1.0), np.float32(1.0), np.float32(1.0))"
0.2311743500833712,0.3785324639585238,1.0,3.2268820915595446,0.0065210770853509,0.0192206327979305,0.0082327348371298,BraTS20_Training_330,T1,"(240, 240, 155)","(np.float32(1.0), np.float32(1.0), np.float32(1.0))"
0.208771384249594,0.3368500107988516,1.0,3.3664614582803165,0.0104540472217742,0.0312563203218812,0.0181880389708613,BraTS20_Training_108,T1,"(240, 240, 155)","(np.float32(1.0), np.float32(1.0), np.float32(1.0))"
0.2219364832719459,0.3408911825257166,1.0,3.383684420458876,0.0073575022723495,0.0259943380101934,0.0078935177037929,BraTS20_Training_243,T1,"(240, 240, 155)","(np.float32(1.0), np.float32(1.0), np.float32(1.0))"
0.2326395816015516,0.3732943654294322,1.0,3.0413258496181035,0.0124289449122414,0.0247586663546951,0.0115992716556031,BraTS20_Training_322,T1,"(240, 240, 155)","(np.float32(1.0), np.float32(1.0), np.float32(1.0))"
0.2275191343362364,0.3579602258568355,1.0,3.3332243273200888,0.0061257878475572,0.0249108420349091,0.0105400230003875,BraTS20_Training_134,T1,"(240, 240, 155)","(np.float32(1.0), np.float32(1.0), np.float32(1.0))"
0.2321661528519366,0.3669583952617705,1.0,3.795381011349329,0.0195226950374726,0.0309623923724773,0.0195354213959715,BraTS20_Training_185,T1,"(240, 240, 155)","(np.float32(1.0), np.float32(1.0), np.float32(1.0))"
0.1776028330962541,0.3266175902855089,1.0,3.0100084764626205,0.0082694512988319,0.0277871824873855,0.0136016360277917,BraTS20_Training_304,T1,"(240, 240, 155)","(np.float32(1.0), np.float32(1.0), np.float32(1.0))"
0.1979180418041804,0.3281347070572294,1.0,3.30271294744289,0.0122361832150624,0.0285408415612906,0.0196959043682121,BraTS20_Training_045,T1,"(240, 240, 155)","(np.float32(1.0), np.float32(1.0), np.float32(1.0))"
0.266501291943135,0.3742311404219113,1.0,5.949328563858851,0.0063861536432295,0.0240195687870372,0.0007308888233983,BraTS20_Training_340,T1,"(240, 240, 155)","(np.float32(1.0), np.float32(1.0), np.float32(1.0))"
0.2325115390011222,0.3562103342470449,1.0,3.453651631446215,0.0143976185820041,0.02891242637314,0.0159350452701982,BraTS20_Training_066,T1,"(240, 240, 155)","(np.float32(1.0), np.float32(1.0), np.float32(1.0))"
0.2655120428973277,0.3936792308947974,1.0,3.6178524283926334,0.0197685948298148,0.0242864081427482,0.0174094073493271,BraTS20_Training_276,T1,"(240, 240, 155)","(np.float32(1.0), np.float32(1.0), np.float32(1.0))"
0.2337299704828167,0.3617496845360896,1.0,3.41549435146606,0.0140185186518752,0.0302051107268571,0.0172489590565517,BraTS20_Training_086,T1,"(240, 240, 155)","(np.float32(1.0), np.float32(1.0), np.float32(1.0))"
0.2082743486887508,0.3597360181874706,1.0,2.773896845055405,0.0138956535670348,0.0222125159069902,0.0099329342838364,BraTS20_Training_187,T1,"(240, 240, 155)","(np.float32(1.0), np.float32(1.0), np.float32(1.0))"
0.2225015871165008,0.3488457164434776,1.0,3.4682893065266502,0.0068936382250361,0.0267883852695385,0.0146516381342101,BraTS20_Training_071,T1,"(240, 240, 155)","(np.float32(1.0), np.float32(1.0), np.float32(1.0))"
0.2308982090643274,0.3741318453364334,1.0,2.893672351207346,0.0120441315276495,0.0223381782264428,0.009758765373748,BraTS20_Training_160,T1,"(240, 240, 155)","(np.float32(1.0), np.float32(1.0), np.float32(1.0))"
0.2095621577686515,0.3343788776336845,1.0,3.3494327166752784,0.0137067441009013,0.0295243810406568,0.0170093750927119,BraTS20_Training_013,T1,"(240, 240, 155)","(np.float32(1.0), np.float32(1.0), np.float32(1.0))"
0.2040372791134154,0.3416882704030194,1.0,3.070666547396385,0.0133173809392994,0.0294415627225808,0.0179091114988904,BraTS20_Training_036,T1,"(240, 240, 155)","(np.float32(1.0), np.float32(1.0), np.float32(1.0))"
0.177554848820059,0.3110528881131099,1.0,3.023693561185908,0.0112024602090784,0.0250563939828835,0.0177971258519057,BraTS20_Training_029,T1,"(240, 240, 155)","(np.float32(1.0), np.float32(1.0), np.float32(1.0))"
0.2139009647073736,0.3622265259811371,1.0,3.375254244508774,0.0081263963074129,0.0174199570580131,0.0053237696530131,BraTS20_Training_171,T1,"(240, 240, 155)","(np.float32(1.0), np.float32(1.0), np.float32(1.0))"
0.2568580473856209,0.3908273638044925,1.0,3.478739443200352,0.0053818655985678,0.0195683313267356,0.0066673770824172,BraTS20_Training_143,T1,"(240, 240, 155)","(np.float32(1.0), np.float32(1.0), np.float32(1.0))"
0.2063339850189581,0.3502557478864618,1.0,3.8719697846025687,0.0170440197469893,0.031940838312599,0.0176651530724699,BraTS20_Training_299,T1,"(240, 240, 155)","(np.float32(1.0), np.float32(1.0), np.float32(1.0))"
0.2346049150209964,0.3833702920177599,1.0,3.2257113675999243,0.0101082063939715,0.0172607694162201,0.0098791855124387,BraTS20_Training_248,T1,"(240, 240, 155)","(np.float32(1.0), np.float32(1.0), np.float32(1.0))"
0.2469850038079204,0.383104061753126,1.0,3.728109400719208,0.0086671783803818,0.0240608486676098,0.0084107622436253,BraTS20_Training_151,T1,"(240, 240, 155)","(np.float32(1.0), np.float32(1.0), np.float32(1.0))"
0.2554549464936247,0.3902042175364008,1.0,3.1229817612122583,0.0147033813030646,0.0227097587907206,0.0128508218980704,BraTS20_Training_229,T1,"(240, 240, 155)","(np.float32(1.0), np.float32(1.0), np.float32(1.0))"
0.2493083447176684,0.3856009784770515,1.0,3.110601403470991,0.0131265180357729,0.0235001796187161,0.0025496823324149,BraTS20_Training_222,T1,"(240, 240, 155)","(np.float32(1.0), np.float32(1.0), np.float32(1.0))"
0.2785032943168433,0.400029944079921,1.0,3.651001549603369,0.0046447598964554,0.0214653571224345,0.0068070757446292,BraTS20_Training_132,T1,"(240, 240, 155)","(np.float32(1.0), np.float32(1.0), np.float32(1.0))"
0.2567203535129267,0.3969588861763158,1.0,3.240721268864203,0.0171465788715405,0.0254504729309397,0.0055164159871025,BraTS20_Training_249,T1,"(240, 240, 155)","(np.float32(1.0), np.float32(1.0), np.float32(1.0))"
0.2085064964157706,0.3337227150185584,1.0,3.365222118095964,0.0155283476895209,0.0310435698464643,0.0174379212291055,BraTS20_Training_052,T1,"(240, 240, 155)","(np.float32(1.0), np.float32(1.0), np.float32(1.0))"
0.2369053553169734,0.3682583387664289,1.0,3.3464018199924137,0.0202406362492443,0.0249334836883603,0.0092095394743519,BraTS20_Training_241,T1,"(240, 240, 155)","(np.float32(1.0), np.float32(1.0), np.float32(1.0))"
0.2338793466605392,0.384640974066755,1.0,2.956030363671932,0.0158758401779063,0.0209971690002872,0.0111264166115498,BraTS20_Training_278,T1,"(240, 240, 155)","(np.float32(1.0), np.float32(1.0), np.float32(1.0))"
0.2047580915178571,0.3366067666176216,1.0,3.320667723876478,0.0126071575830853,0.02993495551632,0.0185855618813272,BraTS20_Training_096,T1,"(240, 240, 155)","(np.float32(1.0), np.float32(1.0), np.float32(1.0))"
0.2538953703703704,0.3852526074172326,1.0,3.3369896140457853,0.0155467298765432,0.0268614354846679,0.0081134396226844,BraTS20_Training_283,T1,"(240, 240, 155)","(np.float32(1.0), np.float32(1.0), np.float32(1.0))"
0.2386103511971567,0.3780277634183278,1.0,2.9738710711961533,0.0199063689961089,0.0238666249581465,0.0104018479225389,BraTS20_Training_179,T1,"(240, 240, 155)","(np.float32(1.0), np.float32(1.0), np.float32(1.0))"
0.1850135278490943,0.3187531317151818,1.0,3.793287976772977,0.0236627762667651,0.039128939022165,0.0243272690253555,BraTS20_Training_205,T1,"(240, 240, 155)","(np.float32(1.0), np.float32(1.0), np.float32(1.0))"
0.1798103870106761,0.30610707435169,1.0,3.079566695759425,0.007304376879444,0.0294772465076847,0.0150987956277369,BraTS20_Training_124,T1,"(240, 240, 155)","(np.float32(1.0), np.float32(1.0), np.float32(1.0))"
0.2192748642226747,0.3492192692011046,1.0,3.365593253964107,0.0116832887021835,0.0291756788128236,0.0167556338208723,BraTS20_Training_042,T1,"(240, 240, 155)","(np.float32(1.0), np.float32(1.0), np.float32(1.0))"
0.2176331453634085,0.34961695324085,1.0,3.3215522720796438,0.0079164711100275,0.0282576794198071,0.0163077418513325,BraTS20_Training_090,T1,"(240, 240, 155)","(np.float32(1.0), np.float32(1.0), np.float32(1.0))"
0.252976136469384,0.3755647382293369,1.0,3.640686701821138,0.0204355217016592,0.0318125075341814,0.0203819549964146,BraTS20_Training_288,T1,"(240, 240, 155)","(np.float32(1.0), np.float32(1.0), np.float32(1.0))"
0.2562480954055321,0.3846223561915314,1.0,3.1138184522880628,0.0151211491461284,0.0259683944885641,0.0092507239258739,BraTS20_Training_207,T1,"(240, 240, 155)","(np.float32(1.0), np.float32(1.0), np.float32(1.0))"
0.2230548747276688,0.3485663491355961,1.0,3.1886805005303023,0.0166595424480612,0.0228384518271074,0.0104146461322162,BraTS20_Training_255,T1,"(240, 240, 155)","(np.float32(1.0), np.float32(1.0), np.float32(1.0))"
0.2134412692936727,0.3468924374145459,1.0,3.6000960401791056,0.0171409829030532,0.0278240611954315,0.0201401290574913,BraTS20_Training_308,T1,"(240, 240, 155)","(np.float32(1.0), np.float32(1.0), np.float32(1.0))"
0.2131666940069991,0.3421646854084959,1.0,3.335904163812337,0.0110720319270499,0.0288763402524362,0.0123172504561501,BraTS20_Training_005,T1,"(240, 240, 155)","(np.float32(1.0), np.float32(1.0), np.float32(1.0))"
0.2456096547525013,0.3716011494464759,1.0,3.6017122559889345,0.0155182966870815,0.0223540190679375,0.0125527783282222,BraTS20_Training_257,T1,"(240, 240, 155)","(np.float32(1.0), np.float32(1.0), np.float32(1.0))"
0.2266081718439443,0.3548522618604901,1.0,4.176987611766923,0.0078734967845992,0.0286386724251079,0.0103304776404339,BraTS20_Training_359,T1,"(240, 240, 155)","(np.float32(1.0), np.float32(1.0), np.float32(1.0))"
0.2224035904255319,0.3490157588613157,1.0,3.4022548782432964,0.0108594183831296,0.0313064896019803,0.0175660911510019,BraTS20_Training_101,T1,"(240, 240, 155)","(np.float32(1.0), np.float32(1.0), np.float32(1.0))"
0.2438580395299145,0.3908506363615142,1.0,2.755110284764652,0.0122019996096318,0.022426782237769,0.0022338642736005,BraTS20_Training_227,T1,"(240, 240, 155)","(np.float32(1.0), np.float32(1.0), np.float32(1.0))"
0.2400180209158089,0.3742071190839636,1.0,3.314770129456302,0.0167774145325667,0.0325086492219597,0.0131480833769629,BraTS20_Training_317,T1,"(240, 240, 155)","(np.float32(1.0), np.float32(1.0), np.float32(1.0))"
0.2059635635320459,0.3668500873872063,1.0,2.601005087834365,0.0099983142178146,0.0179724917647863,0.002192231108421,BraTS20_Training_214,T1,"(240, 240, 155)","(np.float32(1.0), np.float32(1.0), np.float32(1.0))"
0.2635599609462538,0.3968791994197989,1.0,3.786976225758988,0.0177373678650926,0.0256256996895743,0.0071536545883343,BraTS20_Training_172,T1,"(240, 240, 155)","(np.float32(1.0), np.float32(1.0), np.float32(1.0))"
0.221223975590899,0.3389392362910083,1.0,3.531225375301029,0.0077797281914872,0.0296367303880664,0.0162739442526979,BraTS20_Training_099,T1,"(240, 240, 155)","(np.float32(1.0), np.float32(1.0), np.float32(1.0))"
0.2131848781179138,0.3676277276444258,1.0,2.6827112656355725,0.0090012267425866,0.0201702824271622,0.0021836244641718,BraTS20_Training_216,T1,"(240, 240, 155)","(np.float32(1.0), np.float32(1.0), np.float32(1.0))"
0.1947050673000791,0.3345009547020598,1.0,2.8928167749513203,0.0159627226409866,0.0246359461485955,0.0168924895560671,BraTS20_Training_062,T1,"(240, 240, 155)","(np.float32(1.0), np.float32(1.0), np.float32(1.0))"
0.2151703074433657,0.3387168775978387,1.0,3.381995864498479,0.0124597251023763,0.0296646652688643,0.0161125001495021,BraTS20_Training_048,T1,"(240, 240, 155)","(np.float32(1.0), np.float32(1.0), np.float32(1.0))"
0.1956693091002835,0.3259668433048069,1.0,3.139712490078511,0.0137897310851637,0.026469895995204,0.0188310384369485,BraTS20_Training_033,T1,"(240, 240, 155)","(np.float32(1.0), np.float32(1.0), np.float32(1.0))"
0.2216013213734568,0.3399560213329251,1.0,2.745535789387035,0.0023044865612139,0.0252515735571552,0.0070321954659229,BraTS20_Training_268,T1,"(240, 240, 155)","(np.float32(1.0), np.float32(1.0), np.float32(1.0))"
0.2517806415743538,0.3837571890325029,1.0,3.175602236891803,0.0176142523723466,0.0249845417915131,0.0075431485539007,BraTS20_Training_201,T1,"(240, 240, 155)","(np.float32(1.0), np.float32(1.0), np.float32(1.0))"
0.2463634171965888,0.3784072336081515,1.0,3.979444844770745,0.0103654259724799,0.0258267054098003,0.0088532626648884,BraTS20_Training_329,T1,"(240, 240, 155)","(np.float32(1.0), np.float32(1.0), np.float32(1.0))"
0.2150098660058737,0.3302666793000715,1.0,3.656011734201348,0.0150896360140244,0.0344470493972931,0.0180098394955816,BraTS20_Training_028,T1,"(240, 240, 155)","(np.float32(1.0), np.float32(1.0), np.float32(1.0))"
0.251340121205423,0.3936632361672782,1.0,3.0112769267405795,0.0140117242864658,0.0213624891574991,0.0085897138147837,BraTS20_Training_290,T1,"(240, 240, 155)","(np.float32(1.0), np.float32(1.0), np.float32(1.0))"
0.1979067612474437,0.3534973415830614,1.0,2.6348563410882986,0.0168955368045884,0.0206895311289902,0.0126507359180989,BraTS20_Training_231,T1,"(240, 240, 155)","(np.float32(1.0), np.float32(1.0), np.float32(1.0))"
0.2494733637747336,0.3761084612274954,1.0,3.3496944689178774,0.0055634901273951,0.0212134410818023,0.0079829151925913,BraTS20_Training_261,T1,"(240, 240, 155)","(np.float32(1.0), np.float32(1.0), np.float32(1.0))"
0.2608614961883876,0.3943928998641628,1.0,3.3435036458726475,0.024756783975132,0.0269138542160386,0.0088351751940009,BraTS20_Training_163,T1,"(240, 240, 155)","(np.float32(1.0), np.float32(1.0), np.float32(1.0))"
0.2064664178330192,0.340244990267099,1.0,4.689087010158055,0.0035311963630589,0.0258316308102894,0.0077631426556559,BraTS20_Training_315,T1,"(240, 240, 155)","(np.float32(1.0), np.float32(1.0), np.float32(1.0))"
0.2507759081196581,0.3808065681786697,1.0,3.47422110199643,0.006385464106358,0.0248572765737937,0.0063913938532485,BraTS20_Training_139,T1,"(240, 240, 155)","(np.float32(1.0), np.float32(1.0), np.float32(1.0))"
0.2243536646586345,0.3493171725110622,1.0,3.424780524859948,0.0139775358125944,0.0308848828053105,0.0167159620271332,BraTS20_Training_063,T1,"(240, 240, 155)","(np.float32(1.0), np.float32(1.0), np.float32(1.0))"
0.2743843608498781,0.4021907118314291,1.0,3.571016683865946,0.0058410398950864,0.0211376417486095,0.0070399122646736,BraTS20_Training_136,T1,"(240, 240, 155)","(np.float32(1.0), np.float32(1.0), np.float32(1.0))"
0.2097198459807573,0.3390816934968766,1.0,3.28831085140825,0.0119805722008953,0.0327257661495263,0.0264078890094328,BraTS20_Training_129,T1,"(240, 240, 155)","(np.float32(1.0), np.float32(1.0), np.float32(1.0))"
0.1941803559206023,0.3268664264277355,1.0,3.0807928508977835,0.0144880686931634,0.024645489810306,0.0158071161152556,BraTS20_Training_009,T1,"(240, 240, 155)","(np.float32(1.0), np.float32(1.0), np.float32(1.0))"
0.2276874586640211,0.3643847765689687,1.0,3.1701049165903115,0.0148604763085789,0.025478515703198,0.0130536653663066,BraTS20_Training_065,T1,"(240, 240, 155)","(np.float32(1.0), np.float32(1.0), np.float32(1.0))"
0.2312233026079136,0.3454353270187708,1.0,3.644866548801412,0.0114065348440671,0.0300651454547448,0.0161096565220978,BraTS20_Training_015,T1,"(240, 240, 155)","(np.float32(1.0), np.float32(1.0), np.float32(1.0))"
0.210965053977877,0.3508924225411803,1.0,3.773316037850952,0.0077009842653653,0.0295514812785801,0.0111049832480618,BraTS20_Training_157,T1,"(240, 240, 155)","(np.float32(1.0), np.float32(1.0), np.float32(1.0))"
0.2175654025006159,0.342259784734323,1.0,3.3638956166549385,0.0135076830989031,0.0308424737215957,0.0183025610677851,BraTS20_Training_041,T1,"(240, 240, 155)","(np.float32(1.0), np.float32(1.0), np.float32(1.0))"
0.2238534807206682,0.3532918925056756,1.0,4.051077193635953,0.0107533479886954,0.0288173218437368,0.0115007066868158,BraTS20_Training_339,T1,"(240, 240, 155)","(np.float32(1.0), np.float32(1.0), np.float32(1.0))"
0.2340816269841269,0.3709073451836525,1.0,3.573953416701704,0.0174730732879818,0.0275238570523845,0.0182842023715502,BraTS20_Training_301,T1,"(240, 240, 155)","(np.float32(1.0), np.float32(1.0), np.float32(1.0))"
0.2328800366300366,0.3713253284877118,1.0,3.0102441823184964,0.0124694358348204,0.023351576045478,0.0025091226107324,BraTS20_Training_217,T1,"(240, 240, 155)","(np.float32(1.0), np.float32(1.0), np.float32(1.0))"
0.2420884495004213,0.3761382012081715,1.0,3.821111321925513,0.0110345119274089,0.0244078094629214,0.0135239500309237,BraTS20_Training_280,T1,"(240, 240, 155)","(np.float32(1.0), np.float32(1.0), np.float32(1.0))"
0.2869262301587302,0.404680924154249,1.0,3.873348095611097,0.0102608922448979,0.0222983074590056,0.0070420875920963,BraTS20_Training_332,T1,"(240, 240, 155)","(np.float32(1.0), np.float32(1.0), np.float32(1.0))"
0.2306644496609285,0.3622810983269362,1.0,3.321897890509512,0.0102805513309381,0.0201190168545245,0.0081803480441714,BraTS20_Training_237,T1,"(240, 240, 155)","(np.float32(1.0), np.float32(1.0), np.float32(1.0))"
0.2372174661546655,0.3779921173478521,1.0,3.1800285853669656,0.0177687784077343,0.0258467606539251,0.0169779321193693,BraTS20_Training_208,T1,"(240, 240, 155)","(np.float32(1.0), np.float32(1.0), np.float32(1.0))"
0.2161166453164329,0.3498155964915405,1.0,3.479566102465677,0.0107345758652972,0.0289898337637899,0.0118900098980157,BraTS20_Training_213,T1,"(240, 240, 155)","(np.float32(1.0), np.float32(1.0), np.float32(1.0))"
0.2394507108809993,0.3852399375215761,1.0,3.0339524090455283,0.0111072922258985,0.0215451553434961,0.0077837452204691,BraTS20_Training_296,T1,"(240, 240, 155)","(np.float32(1.0), np.float32(1.0), np.float32(1.0))"
0.2428954195095558,0.364906059754555,1.0,4.335532703974809,0.0143093328651871,0.0317589999373655,0.0101198146473054,BraTS20_Training_337,T1,"(240, 240, 155)","(np.float32(1.0), np.float32(1.0), np.float32(1.0))"
0.2462375506623171,0.3628546985462651,1.0,3.685262962686292,0.0156866772265562,0.0253586030318549,0.0113869815458612,BraTS20_Training_252,T1,"(240, 240, 155)","(np.float32(1.0), np.float32(1.0), np.float32(1.0))"
0.1807073483717386,0.3405184578914076,1.0,3.783434730891212,0.0134523276734432,0.0189358704436419,0.0027292417493911,BraTS20_Training_360,T1,"(240, 240, 155)","(np.float32(1.0), np.float32(1.0), np.float32(1.0))"
0.2073534866468843,0.3572426658473522,1.0,2.781859424398067,0.0138138372315997,0.0204946075543102,0.0014287513185456,BraTS20_Training_338,T1,"(240, 240, 155)","(np.float32(1.0), np.float32(1.0), np.float32(1.0))"
0.1905968733485268,0.3467258367261911,1.0,3.1774741896509093,0.0070666219988354,0.0202041922364019,0.0095965963896047,BraTS20_Training_270,T1,"(240, 240, 155)","(np.float32(1.0), np.float32(1.0), np.float32(1.0))"
0.2415873350577297,0.3728953706403067,1.0,3.5914932259988794,0.0125160548565087,0.0289622646417067,0.0126890470629712,BraTS20_Training_202,T1,"(240, 240, 155)","(np.float32(1.0), np.float32(1.0), np.float32(1.0))"
0.2362732605177993,0.3727843071510998,1.0,3.0817007796743545,0.0204375521482458,0.0276567660817048,0.013802318772192,BraTS20_Training_162,T1,"(240, 240, 155)","(np.float32(1.0), np.float32(1.0), np.float32(1.0))"
0.2241473648875461,0.3518108067463193,1.0,3.466749904686791,0.0122903146801021,0.0282445151029001,0.0154439491758206,BraTS20_Training_044,T1,"(240, 240, 155)","(np.float32(1.0), np.float32(1.0), np.float32(1.0))"
0.2445289570230608,0.3805309881969094,1.0,3.174272719895949,0.0100203407576392,0.0228823404917247,0.0021809565194416,BraTS20_Training_218,T1,"(240, 240, 155)","(np.float32(1.0), np.float32(1.0), np.float32(1.0))"
0.2310437440645774,0.3796581725912042,1.0,2.962573975561519,0.0118450589318978,0.0212878319587414,0.0091234759517411,BraTS20_Training_191,T1,"(240, 240, 155)","(np.float32(1.0), np.float32(1.0), np.float32(1.0))"
0.2097589123285754,0.3532599326316584,1.0,3.0418312607258717,0.0064582577683451,0.0214678748738648,0.0086148164202577,BraTS20_Training_260,T1,"(240, 240, 155)","(np.float32(1.0), np.float32(1.0), np.float32(1.0))"
0.1970062016307352,0.3392363818490036,1.0,2.9401587986714564,0.0116001791244166,0.0265317735172469,0.018422588455819,BraTS20_Training_106,T1,"(240, 240, 155)","(np.float32(1.0), np.float32(1.0), np.float32(1.0))"
0.2089062123403229,0.3435371659088078,1.0,3.141410549726948,0.0136066461928729,0.0277717649500591,0.0171025642995744,BraTS20_Training_054,T1,"(240, 240, 155)","(np.float32(1.0), np.float32(1.0), np.float32(1.0))"
0.2432739322620402,0.3581862114643036,1.0,3.673072084686319,0.0124701470346512,0.0291738545464587,0.0147423498206999,BraTS20_Training_002,T1,"(240, 240, 155)","(np.float32(1.0), np.float32(1.0), np.float32(1.0))"
0.2266581862916375,0.3458686354669216,1.0,3.518990931873527,0.0086272697656122,0.0291306295788446,0.0161971614936445,BraTS20_Training_050,T1,"(240, 240, 155)","(np.float32(1.0), np.float32(1.0), np.float32(1.0))"
0.2371724612561174,0.3556224677001312,1.0,3.641200116629655,0.0081570026140468,0.0286853970932261,0.0148381535894761,BraTS20_Training_081,T1,"(240, 240, 155)","(np.float32(1.0), np.float32(1.0), np.float32(1.0))"
0.2043470139738882,0.3456383226157544,1.0,3.412424096676405,0.0148167372004965,0.030430709274602,0.0197005907412074,BraTS20_Training_206,T1,"(240, 240, 155)","(np.float32(1.0), np.float32(1.0), np.float32(1.0))"
0.2203770051899032,0.3411363116632914,1.0,3.512771512161161,0.0142667959384323,0.0332019678954889,0.0192470754641319,BraTS20_Training_035,T1,"(240, 240, 155)","(np.float32(1.0), np.float32(1.0), np.float32(1.0))"
0.2649918764854427,0.3930652825583276,1.0,3.4084548292900188,0.0080612267492477,0.0241239000797503,0.00693492664632,BraTS20_Training_264,T1,"(240, 240, 155)","(np.float32(1.0), np.float32(1.0), np.float32(1.0))"
0.215997131642512,0.3366989534055051,1.0,3.523630396718657,0.0074807209300756,0.029400000124434,0.0158774246046413,BraTS20_Training_092,T1,"(240, 240, 155)","(np.float32(1.0), np.float32(1.0), np.float32(1.0))"
0.238591879190613,0.3490142212092407,1.0,3.613374577926131,0.0146469189188631,0.0296279536276907,0.0166929461459017,BraTS20_Training_053,T1,"(240, 240, 155)","(np.float32(1.0), np.float32(1.0), np.float32(1.0))"
0.2032741477272727,0.338269443488611,1.0,2.4682149325310125,0.0027821060988674,0.0231576543528675,0.008423876241509,BraTS20_Training_265,T1,"(240, 240, 155)","(np.float32(1.0), np.float32(1.0), np.float32(1.0))"
0.2203862847222222,0.3547268721383208,1.0,3.5724345500774266,0.0201292238119222,0.0324769242608041,0.0097439566308269,BraTS20_Training_242,T1,"(240, 240, 155)","(np.float32(1.0), np.float32(1.0), np.float32(1.0))"
0.2393876578282828,0.3507728555188343,1.0,3.7734833416949223,0.0136772558539944,0.0313651494337675,0.0157687379769927,BraTS20_Training_014,T1,"(240, 240, 155)","(np.float32(1.0), np.float32(1.0), np.float32(1.0))"
0.1810848646829166,0.3064941761259222,1.0,4.506368520592784,0.0092716250901998,0.0258037163154643,0.0091741984547039,BraTS20_Training_316,T1,"(240, 240, 155)","(np.float32(1.0), np.float32(1.0), np.float32(1.0))"
0.2111717389411355,0.3241193553762623,1.0,3.688954353742814,0.0069084015555511,0.0276818966667807,0.013987472502938,BraTS20_Training_089,T1,"(240, 240, 155)","(np.float32(1.0), np.float32(1.0), np.float32(1.0))"
0.2250323636399004,0.372664074183806,1.0,3.0583844966377094,0.0177582463404751,0.0209282526712369,0.0107003309130833,BraTS20_Training_274,T1,"(240, 240, 155)","(np.float32(1.0), np.float32(1.0), np.float32(1.0))"
0.2016422303082192,0.3614515075645387,1.0,2.4974601024424343,0.0133951894182252,0.0193395049818556,0.0089507575346327,BraTS20_Training_167,T1,"(240, 240, 155)","(np.float32(1.0), np.float32(1.0), np.float32(1.0))"
0.2569408125798212,0.3888615131244414,1.0,3.291013986778211,0.0060711636279561,0.0213269331624057,0.0056108284193054,BraTS20_Training_363,T1,"(240, 240, 155)","(np.float32(1.0), np.float32(1.0), np.float32(1.0))"
0.2633918786186932,0.3898396936105467,1.0,3.374505593160611,0.0050551571700665,0.019301847599507,0.0056625225746983,BraTS20_Training_135,T1,"(240, 240, 155)","(np.float32(1.0), np.float32(1.0), np.float32(1.0))"
0.1969880660597572,0.3295193489069409,1.0,3.548028134984868,0.0208243581976295,0.0302388969349282,0.0243186960058534,BraTS20_Training_307,T1,"(240, 240, 155)","(np.float32(1.0), np.float32(1.0), np.float32(1.0))"
0.2155158288867438,0.3657266690389187,1.0,4.441577983401195,0.005811346038647,0.0181416982027236,0.006105315222718,BraTS20_Training_355,T1,"(240, 240, 155)","(np.float32(1.0), np.float32(1.0), np.float32(1.0))"
0.223800049197699,0.3398071768817069,1.0,3.475074541459472,0.0196632432451383,0.0268536528776366,0.012611067269816,BraTS20_Training_320,T1,"(240, 240, 155)","(np.float32(1.0), np.float32(1.0), np.float32(1.0))"
0.2178302006927465,0.3412632067403244,1.0,3.308099242388235,0.0094392888645784,0.0248501564763203,0.0079089409328339,BraTS20_Training_244,T1,"(240, 240, 155)","(np.float32(1.0), np.float32(1.0), np.float32(1.0))"
0.2363761982940821,0.3555206040415044,1.0,3.418431357579037,0.0106279888125032,0.0284637489067178,0.0131092901402494,BraTS20_Training_055,T1,"(240, 240, 155)","(np.float32(1.0), np.float32(1.0), np.float32(1.0))"
0.2005489177934437,0.334960064514908,1.0,3.179899703506838,0.0123978776280167,0.0283241953444275,0.016771327063322,BraTS20_Training_051,T1,"(240, 240, 155)","(np.float32(1.0), np.float32(1.0), np.float32(1.0))"
0.2255168231611893,0.3714698541254242,1.0,2.9350041223333307,0.0102653518922612,0.0219704935610092,0.0099000771572426,BraTS20_Training_175,T1,"(240, 240, 155)","(np.float32(1.0), np.float32(1.0), np.float32(1.0))"
0.1813660580770732,0.3430911224213197,1.0,2.599490609028609,0.0266402146828965,0.0258288594768987,0.012548543252895,BraTS20_Training_190,T1,"(240, 240, 155)","(np.float32(1.0), np.float32(1.0), np.float32(1.0))"
0.2522840513182674,0.368454907945012,1.0,4.469150728037157,0.0117871681469245,0.0297206442300811,0.0086469015213303,BraTS20_Training_367,T1,"(240, 240, 155)","(np.float32(1.0), np.float32(1.0), np.float32(1.0))"
0.2160185925756652,0.3616122056661583,1.0,3.410594943208344,0.0175157694723606,0.0278060965479465,0.0178399430711938,BraTS20_Training_188,T1,"(240, 240, 155)","(np.float32(1.0), np.float32(1.0), np.float32(1.0))"
0.2457692944737027,0.3745364346951547,1.0,3.23395231011832,0.0226305541459211,0.02250452573316,0.0074958305222215,BraTS20_Training_170,T1,"(240, 240, 155)","(np.float32(1.0), np.float32(1.0), np.float32(1.0))"
0.2191849496066863,0.351420003503938,1.0,3.231383293892569,0.013057383917539,0.0285996219462592,0.0156648123304371,BraTS20_Training_059,T1,"(240, 240, 155)","(np.float32(1.0), np.float32(1.0), np.float32(1.0))"
0.2265108290446028,0.3449255113296859,1.0,3.544872899137934,0.0141217260914047,0.0337580383668192,0.0182435677818151,BraTS20_Training_049,T1,"(240, 240, 155)","(np.float32(1.0), np.float32(1.0), np.float32(1.0))"
0.2354744157518296,0.3694646701665974,1.0,3.1085864597693886,0.0158312249004984,0.0247157461333024,0.0161229486477812,BraTS20_Training_236,T1,"(240, 240, 155)","(np.float32(1.0), np.float32(1.0), np.float32(1.0))"
0.2314257037450396,0.3698696052432143,1.0,3.1808167365271944,0.0134825814175767,0.0252497218518734,0.0086771746434636,BraTS20_Training_253,T1,"(240, 240, 155)","(np.float32(1.0), np.float32(1.0), np.float32(1.0))"
0.2314073216735253,0.355077088739186,1.0,3.436048871802692,0.0140547732191814,0.0284455406921746,0.0169230063449477,BraTS20_Training_022,T1,"(240, 240, 155)","(np.float32(1.0), np.float32(1.0), np.float32(1.0))"
0.1866237175046186,0.335297192307218,1.0,3.0176304159671163,0.0123108579619933,0.0244133040502791,0.0154892020778469,BraTS20_Training_314,T1,"(240, 240, 155)","(np.float32(1.0), np.float32(1.0), np.float32(1.0))"
0.2442716416441745,0.3854243447920106,1.0,3.596091736179805,0.0160781549869741,0.0208022372207515,0.0105500384978198,BraTS20_Training_161,T1,"(240, 240, 155)","(np.float32(1.0), np.float32(1.0), np.float32(1.0))"
0.2426736998798316,0.3672829887213537,1.0,4.832936605830864,0.0191690015998197,0.0213316745101178,0.0005841171835164,BraTS20_Training_277,T1,"(240, 240, 155)","(np.float32(1.0), np.float32(1.0), np.float32(1.0))"
0.2268430840943683,0.376076132971042,1.0,2.838958544255737,0.0113698781301474,0.0209393232284677,0.0090621908859621,BraTS20_Training_192,T1,"(240, 240, 155)","(np.float32(1.0), np.float32(1.0), np.float32(1.0))"
0.2412040367705835,0.3788927179375022,1.0,3.4089391919415104,0.0207519675581477,0.0319652642650389,0.0182734523796394,BraTS20_Training_294,T1,"(240, 240, 155)","(np.float32(1.0), np.float32(1.0), np.float32(1.0))"
0.2144598003005884,0.3497327669612906,1.0,3.808660031172977,0.007841600025222,0.0269889767151525,0.0121306379620141,BraTS20_Training_344,T1,"(240, 240, 155)","(np.float32(1.0), np.float32(1.0), np.float32(1.0))"
0.2420378731129995,0.3847782942883905,1.0,3.1337301350651976,0.0153719012938888,0.02054745148674,0.0112370582603534,BraTS20_Training_258,T1,"(240, 240, 155)","(np.float32(1.0), np.float32(1.0), np.float32(1.0))"
0.2188172451482192,0.3483074573504309,1.0,3.6825076594277104,0.0104063226319081,0.0282229027288331,0.0132437162134257,BraTS20_Training_309,T1,"(240, 240, 155)","(np.float32(1.0), np.float32(1.0), np.float32(1.0))"
0.1978865966967913,0.3567652807901277,1.0,3.020559594078872,0.0098972816639341,0.0187965709651202,0.0065107961215272,BraTS20_Training_150,T1,"(240, 240, 155)","(np.float32(1.0), np.float32(1.0), np.float32(1.0))"
0.2322940381586483,0.3636485728338476,1.0,3.361857977912178,0.0084158073756214,0.0256141625662444,0.0085118314458484,BraTS20_Training_131,T1,"(240, 240, 155)","(np.float32(1.0), np.float32(1.0), np.float32(1.0))"
0.2182071466244726,0.3374222300183783,1.0,3.676849433603184,0.0095365587557193,0.0230906880141727,0.0073250424035562,BraTS20_Training_152,T1,"(240, 240, 155)","(np.float32(1.0), np.float32(1.0), np.float32(1.0))"
0.1888875280416996,0.33108980267741,1.0,2.9875774478528743,0.0098249828858258,0.0276599064686234,0.0211243539728083,BraTS20_Training_100,T1,"(240, 240, 155)","(np.float32(1.0), np.float32(1.0), np.float32(1.0))"
0.2037572916666666,0.3309057383591023,1.0,3.40638605586316,0.0123050721992653,0.0317834322115754,0.0174769533975807,BraTS20_Training_088,T1,"(240, 240, 155)","(np.float32(1.0), np.float32(1.0), np.float32(1.0))"
0.2574164938411262,0.4017373629209749,1.0,3.083585594816977,0.0046485712425125,0.0200286693476541,0.0086064217867152,BraTS20_Training_331,T1,"(240, 240, 155)","(np.float32(1.0), np.float32(1.0), np.float32(1.0))"
0.2245926920572916,0.3754151767530843,1.0,2.876654950618821,0.0097204771159607,0.0196119192006265,0.0025424066274978,BraTS20_Training_215,T1,"(240, 240, 155)","(np.float32(1.0), np.float32(1.0), np.float32(1.0))"
0.2098869723172487,0.3444462739040204,1.0,3.1736243443583616,0.006879705362546,0.025717846623019,0.010369866624263,BraTS20_Training_122,T1,"(240, 240, 155)","(np.float32(1.0), np.float32(1.0), np.float32(1.0))"
0.2616201851588859,0.3603176105076927,1.0,5.920755439860241,0.0109658405046867,0.0212375767160897,0.0011995868381325,BraTS20_Training_369,T1,"(240, 240, 155)","(np.float32(1.0), np.float32(1.0), np.float32(1.0))"
0.2005398721988795,0.3412409352614222,1.0,3.050942523756164,0.0148495122620126,0.0290008467571034,0.0172463316522762,BraTS20_Training_021,T1,"(240, 240, 155)","(np.float32(1.0), np.float32(1.0), np.float32(1.0))"
0.2585390669063733,0.388949155832602,1.0,3.294328584996968,0.017012899132432,0.0282464763731343,0.013539380135291,BraTS20_Training_189,T1,"(240, 240, 155)","(np.float32(1.0), np.float32(1.0), np.float32(1.0))"
0.2195896831688983,0.351607699997239,1.0,3.251128565157439,0.0131870214945064,0.0288598045916407,0.0131039717657887,BraTS20_Training_072,T1,"(240, 240, 155)","(np.float32(1.0), np.float32(1.0), np.float32(1.0))"
0.2350099063400576,0.3598956009374788,1.0,3.328234454537321,0.0063106258322329,0.0285307896147048,0.0143345341886234,BraTS20_Training_107,T1,"(240, 240, 155)","(np.float32(1.0), np.float32(1.0), np.float32(1.0))"
0.2280519482006742,0.3730953857798709,1.0,3.5354150546218968,0.0118646436266359,0.0187304192502403,0.0062613185361694,BraTS20_Training_271,T1,"(240, 240, 155)","(np.float32(1.0), np.float32(1.0), np.float32(1.0))"
0.2287906579176691,0.3417860367425527,1.0,5.443860818147282,0.0126519374203386,0.023617841549757,0.0038272270014272,BraTS20_Training_349,T1,"(240, 240, 155)","(np.float32(1.0), np.float32(1.0), np.float32(1.0))"
0.2274287069187242,0.3405931791725304,1.0,3.721163337230811,0.0116078100217549,0.0347432822581861,0.0156387433112961,BraTS20_Training_103,T1,"(240, 240, 155)","(np.float32(1.0), np.float32(1.0), np.float32(1.0))"
